Year of Pass,Student Name,Employee ID,Branch Name
2016,Student_1,EMP0001,Civil
2019,Student_2,EMP0002,Computer Science
2022,Student_3,EMP0003,Electrical
2016,Student_4,EMP0004,Civil
2017,Student_5,EMP0005,Electrical
2019,Student_6,EMP0006,Electronics
2016,Student_7,EMP0007,Electrical
2022,Student_8,EMP0008,Mechanical
2015,Student_9,EMP0009,Electrical
2016,Student_10,EMP0010,Electrical
2019,Student_11,EMP0011,Electronics
2023,Student_12,EMP0012,Information Technology
2017,Student_13,EMP0013,Civil
2019,Student_14,EMP0014,Civil
2023,Student_15,EMP0015,Computer Science
2021,Student_16,EMP0016,Information Technology
2016,Student_17,EMP0017,Electrical
2015,Student_18,EMP0018,Civil
2022,Student_19,EMP0019,Mechanical
2015,Student_20,EMP0020,Computer Science
2022,Student_21,EMP0021,Information Technology
2023,Student_22,EMP0022,Civil
2023,Student_23,EMP0023,Civil
2021,Student_24,EMP0024,Electrical
2021,Student_25,EMP0025,Electrical
2017,Student_26,EMP0026,Electronics
2015,Student_27,EMP0027,Electrical
2019,Student_28,EMP0028,Electrical
2016,Student_29,EMP0029,Information Technology
2020,Student_30,EMP0030,Computer Science
2022,Student_31,EMP0031,Mechanical
2022,Student_32,EMP0032,Computer Science
2022,Student_33,EMP0033,Electrical
2016,Student_34,EMP0034,Information Technology
2022,Student_35,EMP0035,Information Technology
2023,Student_36,EMP0036,Mechanical
2018,Student_37,EMP0037,Information Technology
2020,Student_38,EMP0038,Computer Science
2017,Student_39,EMP0039,Information Technology
2016,Student_40,EMP0040,Mechanical
2015,Student_41,EMP0041,Civil
2019,Student_42,EMP0042,Electrical
2021,Student_43,EMP0043,Electronics
2015,Student_44,EMP0044,Electrical
2021,Student_45,EMP0045,Electronics
2015,Student_46,EMP0046,Electronics
2019,Student_47,EMP0047,Civil
2016,Student_48,EMP0048,Computer Science
2020,Student_49,EMP0049,Civil
2020,Student_50,EMP0050,Information Technology
2017,Student_51,EMP0051,Computer Science
2022,Student_52,EMP0052,Electrical
2019,Student_53,EMP0053,Computer Science
2019,Student_54,EMP0054,Mechanical
2019,Student_55,EMP0055,Computer Science
2021,Student_56,EMP0056,Information Technology
2019,Student_57,EMP0057,Mechanical
2023,Student_58,EMP0058,Civil
2017,Student_59,EMP0059,Computer Science
2016,Student_60,EMP0060,Electronics
2019,Student_61,EMP0061,Electronics
2021,Student_62,EMP0062,Computer Science
2020,Student_63,EMP0063,Mechanical
2019,Student_64,EMP0064,Mechanical
2022,Student_65,EMP0065,Computer Science
2018,Student_66,EMP0066,Information Technology
2017,Student_67,EMP0067,Mechanical
2023,Student_68,EMP0068,Civil
2015,Student_69,EMP0069,Information Technology
2021,Student_70,EMP0070,Mechanical
2018,Student_71,EMP0071,Information Technology
2017,Student_72,EMP0072,Mechanical
2018,Student_73,EMP0073,Civil
2019,Student_74,EMP0074,Information Technology
2021,Student_75,EMP0075,Mechanical
2016,Student_76,EMP0076,Electronics
2016,Student_77,EMP0077,Mechanical
2015,Student_78,EMP0078,Computer Science
2020,Student_79,EMP0079,Mechanical
2020,Student_80,EMP0080,Computer Science
2022,Student_81,EMP0081,Civil
2015,Student_82,EMP0082,Information Technology
2021,Student_83,EMP0083,Electronics
2017,Student_84,EMP0084,Computer Science
2018,Student_85,EMP0085,Computer Science
2018,Student_86,EMP0086,Mechanical
2017,Student_87,EMP0087,Information Technology
2023,Student_88,EMP0088,Mechanical
2022,Student_89,EMP0089,Electronics
2019,Student_90,EMP0090,Electrical
2022,Student_91,EMP0091,Mechanical
2021,Student_92,EMP0092,Information Technology
2019,Student_93,EMP0093,Electrical
2018,Student_94,EMP0094,Electronics
2018,Student_95,EMP0095,Mechanical
2020,Student_96,EMP0096,Computer Science
2022,Student_97,EMP0097,Electronics
2020,Student_98,EMP0098,Electrical
2016,Student_99,EMP0099,Electrical
2021,Student_100,EMP0100,Electronics
